﻿{
    "type": "crafting_shaped",
    "pattern": [
        " c ",
        "gfr",
        " b "
    ],
    "key": {
        "c": {
            "item": "minecraft:coal"
        },
        "f": {
            "item": "minecraft:flint"
        },
        "r": {
            "item": "minecraft:redstone"
        },
        "g": {
            "item": "minecraft:glowstone_dust"
        },
        "b": {
            "item": "minecraft:bone_meal"
        }
    },
    "result": {
        "item": "minecraft:gunpowder",
        "count": 1
    }
}